/*
Navicat MySQL Data Transfer

Source Server         : 127.0.0.1
Source Server Version : 50621
Source Host           : localhost:3306
Source Database       : cc

Target Server Type    : MYSQL
Target Server Version : 50621
File Encoding         : 65001

Date: 2017-07-23 23:13:56
*/

SET FOREIGN_KEY_CHECKS=0;

-- ----------------------------
-- Create database;
-- ----------------------------

DROP DATABASE IF EXISTS oauth;
create database oauth;
use oauth;
grant all privileges on oauth.* to work@localhost identified by 'cc1234';


-- ----------------------------
-- Table structure for upms_system
-- ----------------------------
DROP TABLE IF EXISTS `upms_system`;
CREATE TABLE `upms_system` (
  `system_id` int(10) unsigned NOT NULL AUTO_INCREMENT COMMENT '编号',
  `basepath` varchar(100) DEFAULT NULL COMMENT '根目录',
  `status` tinyint(4) DEFAULT NULL COMMENT '状态(-1:黑名单,1:正常)',
  `name` varchar(20) DEFAULT NULL COMMENT '系统名称',
  `title` varchar(20) DEFAULT NULL COMMENT '系统标题',
  `description` varchar(300) DEFAULT NULL COMMENT '系统描述',
  `create_time` bigint(20) DEFAULT NULL COMMENT '创建时间',
  `orders` bigint(20) DEFAULT NULL COMMENT '排序',
  PRIMARY KEY (`system_id`)
) ENGINE=InnoDB AUTO_INCREMENT=6 DEFAULT CHARSET=utf8mb4 COMMENT='系统';

-- ----------------------------
-- Records of upms_system
-- ----------------------------
INSERT INTO `upms_system` VALUES ('1', 'http://upms.cc.com:8100/', '1', 'upms-server', '权限管理系统', '用户权限管理系统（RBAC细粒度用户权限、统一后台、单点登录、会话管理）', '1', '1');
INSERT INTO `upms_system` VALUES ('2', 'http://cms.cc.com:8200/', '1', 'cms-server', '内容管理系统', '内容管理系统（门户、博客、论坛、问答等）', '2', '2');
INSERT INTO `upms_system` VALUES ('3', 'http://blog.cc.com:8300/', '1', 'blog-server', '博客网站系统', 'markdown博客网站系统', '3', '3');
INSERT INTO `upms_system` VALUES ('4', 'http://oss.cc.com:8400/', '1', 'oss-web', '存储管理系统', '存储管理系统', '4', '4');

-- ----------------------------
-- Table structure for upms_role
-- ----------------------------
DROP TABLE IF EXISTS `upms_role`;
CREATE TABLE `upms_role` (
  `role_id` int(10) unsigned NOT NULL AUTO_INCREMENT COMMENT '编号',
  `name` varchar(20) DEFAULT NULL COMMENT '角色名称',
  `title` varchar(20) DEFAULT NULL COMMENT '角色标题',
  `description` varchar(1000) DEFAULT NULL COMMENT '角色描述',
  `create_time` bigint(20) NOT NULL COMMENT '创建时间',
  `orders` bigint(20) NOT NULL COMMENT '排序',
  PRIMARY KEY (`role_id`)
) ENGINE=InnoDB AUTO_INCREMENT=3 DEFAULT CHARSET=utf8mb4 COMMENT='角色';

-- ----------------------------
-- Records of upms_role
-- ----------------------------
INSERT INTO `upms_role` VALUES ('1', 'super', '超级管理员', '拥有所有权限', '1', '1');
INSERT INTO `upms_role` VALUES ('2', 'admin', '管理员', '拥有除权限管理系统外的所有权限', '1487471013117', '1487471013117');
INSERT INTO `upms_role` VALUES ('3', 'normal', '用户', '普通用户', '1487471013118', '1487471013118');


-- ----------------------------
-- Table structure for upms_user
-- ----------------------------
DROP TABLE IF EXISTS `upms_user`;
CREATE TABLE `upms_user` (
  `user_id` int(10) unsigned NOT NULL AUTO_INCREMENT COMMENT '编号',
  `user_name` varchar(20) NOT NULL COMMENT '帐号',
  `password` varchar(60) NOT NULL COMMENT '密码MD5(密码+盐)',
  `salt` varchar(32) DEFAULT NULL COMMENT '盐',
  `realname` varchar(20) DEFAULT NULL COMMENT '姓名',
  `avatar` varchar(150) DEFAULT NULL COMMENT '头像',
  `phone` varchar(20) DEFAULT NULL COMMENT '电话',
  `email` varchar(50) DEFAULT NULL COMMENT '邮箱',
  `sex` tinyint(4) DEFAULT NULL COMMENT '性别',
  `locked` tinyint(4) DEFAULT NULL COMMENT '状态(0:正常,1:锁定)',
  `create_time` bigint(20) DEFAULT NULL COMMENT '创建时间',
  PRIMARY KEY (`user_id`)
) ENGINE=InnoDB AUTO_INCREMENT=3 DEFAULT CHARSET=utf8mb4 COMMENT='用户';

-- ----------------------------
-- Records of upms_user
-- ----------------------------
INSERT INTO `upms_user` VALUES ('1', 'admin', '3038D9CB63B3152A79B8153FB06C02F7', '66f1b370c660445a8657bf8bf1794486', 'cc', '/resources/images/avatars/admin.jpg', '', '121212@qq.com', '1', '0', '1493394720491');
INSERT INTO `upms_user` VALUES ('2', 'test', '285C9762F5F9046F5893F752DFAF3476', 'd2d0d03310444ad388a8b290b0fe8564', 'test', '/resources/images/avatars/test.jpg', '', '1212121121@qq.com', '1', '0', '1493394720495');
INSERT INTO `upms_user` VALUES ('3', 'cc', '$2a$10$4FfSqrVge4F6qzPvZyGOzOz/NJ7dVrDJrLGqx.yX9aT7nHLW0A5Ru', '', 'cc', '/resources/images/avatars/cc.jpg', '', '1212121121@qq.com', '1', '0', '1493394720495');

-- ----------------------------
-- Table structure for upms_permission
-- ----------------------------
DROP TABLE IF EXISTS `upms_permission`;
CREATE TABLE `upms_permission` (
  `permission_id` int(10) unsigned NOT NULL AUTO_INCREMENT COMMENT '编号',
  `system_id` int(10) unsigned NOT NULL COMMENT '所属系统',
  `pid` int(10) DEFAULT NULL COMMENT '所属上级',
  `name` varchar(20) DEFAULT NULL COMMENT '名称',
  `type` tinyint(4) DEFAULT NULL COMMENT '类型(1:目录,2:菜单,3:按钮)',
  `permission_value` varchar(50) DEFAULT NULL COMMENT '权限值',
  `uri` varchar(100) DEFAULT NULL COMMENT '路径',
  `status` tinyint(4) DEFAULT NULL COMMENT '状态(0:禁止,1:正常)',
  `create_time` bigint(20) DEFAULT NULL COMMENT '创建时间',
  `orders` bigint(20) DEFAULT NULL COMMENT '排序',
  PRIMARY KEY (`permission_id`)
) ENGINE=InnoDB AUTO_INCREMENT=86 DEFAULT CHARSET=utf8mb4 COMMENT='权限';

-- ----------------------------
-- Records of upms_permission
-- ----------------------------
INSERT INTO `upms_permission` VALUES ('2', '1', '1', '系统管理', '2', 'upms:system:read', '/manage/system/index', '1', '2', '2');
INSERT INTO `upms_permission` VALUES ('4', '1', '0', '角色用户管理', '1', '', '', '1', '4', '4');
INSERT INTO `upms_permission` VALUES ('5', '1', '4', '角色管理', '2', 'upms:role:read', '/manage/role/index', '1', '6', '6');
INSERT INTO `upms_permission` VALUES ('6', '1', '4', '用户管理', '2', 'upms:user:read', '/manage/user/index', '1', '5', '5');
INSERT INTO `upms_permission` VALUES ('7', '1', '0', '权限资源管理', '1', '', '', '1', '7', '7');
INSERT INTO `upms_permission` VALUES ('12', '1', '0', '其他数据管理', '1', '', '', '1', '12', '12');
INSERT INTO `upms_permission` VALUES ('14', '1', '12', '会话管理', '2', 'upms:session:read', '/manage/session/index', '1', '14', '14');
INSERT INTO `upms_permission` VALUES ('15', '1', '12', '日志记录', '2', 'upms:log:read', '/manage/log/index', '1', '15', '15');
INSERT INTO `upms_permission` VALUES ('17', '2', '0', '标签类目管理', '1', null, null, '1', '17', '17');
INSERT INTO `upms_permission` VALUES ('18', '2', '17', '标签管理', '2', 'cms:tag:read', '/manage/tag/index', '1', '18', '18');
INSERT INTO `upms_permission` VALUES ('19', '2', '17', '类目管理', '2', 'cms:category:read', '/manage/category/index', '1', '19', '19');
INSERT INTO `upms_permission` VALUES ('20', '2', '0', '文章评论管理', '1', null, null, '1', '20', '20');
INSERT INTO `upms_permission` VALUES ('21', '2', '20', '文章管理', '2', 'cms:article:read', '/manage/article/index', '1', '21', '21');
INSERT INTO `upms_permission` VALUES ('22', '2', '20', '回收管理', '2', 'cms:article:read', '/manage/article/recycle', '1', '22', '22');
INSERT INTO `upms_permission` VALUES ('24', '1', '2', '新增系统', '3', 'upms:system:create', '/manage/system/create', '1', '24', '24');
INSERT INTO `upms_permission` VALUES ('25', '1', '2', '编辑系统', '3', 'upms:system:update', '/manage/system/update', '1', '25', '25');
INSERT INTO `upms_permission` VALUES ('26', '1', '2', '删除系统', '3', 'upms:system:delete', '/manage/system/delete', '1', '26', '26');
INSERT INTO `upms_permission` VALUES ('27', '1', '3', '新增组织', '3', 'upms:organization:create', '/manage/organization/create', '1', '27', '27');
INSERT INTO `upms_permission` VALUES ('28', '1', '3', '编辑组织', '3', 'upms:organization:update', '/manage/organization/update', '1', '28', '28');
INSERT INTO `upms_permission` VALUES ('29', '1', '3', '删除组织', '3', 'upms:organization:delete', '/manage/organization/delete', '1', '29', '29');
INSERT INTO `upms_permission` VALUES ('30', '1', '6', '新增用户', '3', 'upms:user:create', '/manage/user/create', '1', '30', '30');
INSERT INTO `upms_permission` VALUES ('31', '1', '6', '编辑用户', '3', 'upms:user:update', '/manage/user/update', '1', '31', '31');
INSERT INTO `upms_permission` VALUES ('32', '1', '6', '删除用户', '3', 'upms:user:delete', '/manage/user/delete', '1', '32', '32');
INSERT INTO `upms_permission` VALUES ('33', '1', '5', '新增角色', '3', 'upms:role:create', '/manage/role/create', '1', '33', '33');
INSERT INTO `upms_permission` VALUES ('34', '1', '5', '编辑角色', '3', 'upms:role:update', '/manage/role/update', '1', '34', '34');
INSERT INTO `upms_permission` VALUES ('35', '1', '5', '删除角色', '3', 'upms:role:delete', '/manage/role/delete', '1', '35', '35');
INSERT INTO `upms_permission` VALUES ('36', '1', '39', '新增权限', '3', 'upms:permission:create', '/manage/permission/create', '1', '36', '36');
INSERT INTO `upms_permission` VALUES ('37', '1', '39', '编辑权限', '3', 'upms:permission:update', '/manage/permission/update', '1', '37', '37');
INSERT INTO `upms_permission` VALUES ('38', '1', '39', '删除权限', '3', 'upms:permission:delete', '/manage/permission/delete', '1', '38', '38');
INSERT INTO `upms_permission` VALUES ('39', '1', '7', '权限管理', '2', 'upms:permission:read', '/manage/permission/index', '1', '39', '39');
INSERT INTO `upms_permission` VALUES ('46', '1', '5', '角色权限', '3', 'upms:role:permission', '/manage/role/permission', '1', '1488091928257', '1488091928257');
INSERT INTO `upms_permission` VALUES ('48', '1', '6', '用户组织', '3', 'upms:user:organization', '/manage/user/organization', '1', '1488120011165', '1488120011165');
INSERT INTO `upms_permission` VALUES ('50', '1', '6', '用户角色', '3', 'upms:user:role', '/manage/user/role', '1', '1488120554175', '1488120554175');
INSERT INTO `upms_permission` VALUES ('51', '1', '6', '用户权限', '3', 'upms:user:permission', '/manage/user/permission', '1', '1488092013302', '1488092013302');
INSERT INTO `upms_permission` VALUES ('53', '1', '14', '强制退出', '3', 'upms:session:forceout', '/manage/session/forceout', '1', '1488379514715', '1488379514715');
INSERT INTO `upms_permission` VALUES ('54', '2', '18', '新增标签', '3', 'cms:tag:create', '/manage/tag/create', '1', '1489417315159', '1489417315159');
INSERT INTO `upms_permission` VALUES ('55', '2', '18', '编辑标签', '3', 'cms:tag:update', 'zmdi zmdi-edit', '1', '1489417344931', '1489417344931');
INSERT INTO `upms_permission` VALUES ('56', '2', '18', '删除标签', '3', 'cms:tag:delete', '/manage/tag/delete', '1', '1489417372114', '1489417372114');
INSERT INTO `upms_permission` VALUES ('57', '1', '15', '删除权限', '3', 'upms:log:delete', '/manage/log/delete', '1', '1489503867909', '1489503867909');
INSERT INTO `upms_permission` VALUES ('58', '2', '19', '编辑类目', '3', 'cms:category:update', '/manage/category/update', '1', '1489586600462', '1489586600462');
INSERT INTO `upms_permission` VALUES ('59', '2', '19', '删除类目', '3', 'cms:category:delete', '/manage/category/delete', '1', '1489586633059', '1489586633059');
INSERT INTO `upms_permission` VALUES ('60', '2', '19', '新增类目', '3', 'cms:category:create', '/manage/category/create', '1', '1489590342089', '1489590342089');
INSERT INTO `upms_permission` VALUES ('61', '2', '0', '其他数据管理', '1', '', '', '1', '1489835455359', '1489835455359');
INSERT INTO `upms_permission` VALUES ('62', '2', '20', '评论管理', '2', 'cms:comment:read', '/manage/comment/index', '1', '1489591408224', '1489591408224');
INSERT INTO `upms_permission` VALUES ('63', '2', '62', '删除评论', '3', 'cms:comment:delete', '/manage/comment/delete', '1', '1489591449614', '1489591449614');
INSERT INTO `upms_permission` VALUES ('64', '2', '79', '单页管理', '2', 'cms:page:read', '/manage/page/index',  '1', '1489591332779', '1489591332779');
INSERT INTO `upms_permission` VALUES ('65', '2', '64', '新增单页', '3', 'cms:page:create', '/manage/page/create', '1', '1489591614473', '1489591614473');
INSERT INTO `upms_permission` VALUES ('66', '2', '64', '编辑单页', '3', 'cms:page:update', '/manage/page/update', '1', '1489591653000', '1489591653000');
INSERT INTO `upms_permission` VALUES ('67', '2', '64', '删除单页', '3', 'cms:page:delete', '/manage/page/delete', '1', '1489591683552', '1489591683552');
INSERT INTO `upms_permission` VALUES ('68', '2', '61', '菜单管理', '2', 'cms:menu:read', '/manage/menu/index', '1', '1489591746846', '1489591746846');
INSERT INTO `upms_permission` VALUES ('69', '2', '68', '新增菜单', '3', 'cms:menu:create', '/manage/menu/create', '1', '1489591791747', '1489591791747');
INSERT INTO `upms_permission` VALUES ('70', '2', '68', '编辑菜单', '3', 'cms:menu:update', '/manage/menu/update', '1', '1489591831878', '1489591831878');
INSERT INTO `upms_permission` VALUES ('71', '2', '68', '删除菜单', '3', 'cms:menu:delete', '/manage/menu/delete', '1', '1489591865454', '1489591865454');

-- ----------------------------
-- Table structure for upms_role_permission
-- ----------------------------
DROP TABLE IF EXISTS `upms_role_permission`;
CREATE TABLE `upms_role_permission` (
  `role_permission_id` int(10) unsigned NOT NULL AUTO_INCREMENT COMMENT '编号',
  `role_id` int(10) unsigned NOT NULL COMMENT '角色编号',
  `permission_id` int(10) unsigned NOT NULL COMMENT '权限编号',
  PRIMARY KEY (`role_permission_id`),
  KEY `FK_Reference_23` (`role_id`),
  CONSTRAINT `FK_Reference_23` FOREIGN KEY (`role_id`) REFERENCES `upms_role` (`role_id`)
) ENGINE=InnoDB AUTO_INCREMENT=126 DEFAULT CHARSET=utf8mb4 COMMENT='角色权限关联表';

-- ----------------------------
-- Records of upms_role_permission
-- ----------------------------
INSERT INTO `upms_role_permission` VALUES ('1', '1', '1');
INSERT INTO `upms_role_permission` VALUES ('2', '1', '2');
INSERT INTO `upms_role_permission` VALUES ('3', '1', '3');
INSERT INTO `upms_role_permission` VALUES ('4', '1', '4');
INSERT INTO `upms_role_permission` VALUES ('5', '1', '5');
INSERT INTO `upms_role_permission` VALUES ('6', '1', '6');
INSERT INTO `upms_role_permission` VALUES ('7', '1', '7');
INSERT INTO `upms_role_permission` VALUES ('8', '1', '39');
INSERT INTO `upms_role_permission` VALUES ('12', '1', '12');
INSERT INTO `upms_role_permission` VALUES ('14', '1', '14');
INSERT INTO `upms_role_permission` VALUES ('15', '1', '15');

-- ----------------------------
-- Table structure for upms_user_role
-- ----------------------------
DROP TABLE IF EXISTS `upms_user_role`;
CREATE TABLE `upms_user_role` (
  `user_role_id` int(10) unsigned NOT NULL AUTO_INCREMENT COMMENT '编号',
  `user_id` int(10) unsigned NOT NULL COMMENT '用户编号',
  `role_id` int(10) unsigned DEFAULT NULL COMMENT '角色编号',
  PRIMARY KEY (`user_role_id`)
) ENGINE=InnoDB AUTO_INCREMENT=8 DEFAULT CHARSET=utf8mb4 COMMENT='用户角色关联表';

-- ----------------------------
-- Records of upms_user_role
-- ----------------------------
INSERT INTO `upms_user_role` VALUES ('1', '1', '1');
INSERT INTO `upms_user_role` VALUES ('2', '2', '3');
INSERT INTO `upms_user_role` VALUES ('3', '1', '2');
INSERT INTO `upms_user_role` VALUES ('4', '3', '1');

-- ----------------------------
-- Table structure for upms_user_permission
-- ----------------------------
DROP TABLE IF EXISTS `upms_user_permission`;
CREATE TABLE `upms_user_permission` (
  `user_permission_id` int(10) unsigned NOT NULL AUTO_INCREMENT COMMENT '编号',
  `user_id` int(10) unsigned NOT NULL COMMENT '用户编号',
  `permission_id` int(10) unsigned NOT NULL COMMENT '权限编号',
  `type` tinyint(4) NOT NULL COMMENT '权限类型(-1:减权限,1:增权限)',
  PRIMARY KEY (`user_permission_id`)
) ENGINE=InnoDB AUTO_INCREMENT=25 DEFAULT CHARSET=utf8mb4 COMMENT='用户权限关联表';

-- ----------------------------
-- Records of upms_user_permission
-- ----------------------------
INSERT INTO `upms_user_permission` VALUES ('3', '1', '22', '-1');
INSERT INTO `upms_user_permission` VALUES ('4', '1', '22', '1');
INSERT INTO `upms_user_permission` VALUES ('5', '2', '24', '-1');
INSERT INTO `upms_user_permission` VALUES ('6', '2', '26', '-1');
INSERT INTO `upms_user_permission` VALUES ('7', '2', '27', '-1');
INSERT INTO `upms_user_permission` VALUES ('8', '2', '29', '-1');
INSERT INTO `upms_user_permission` VALUES ('9', '2', '32', '-1');
INSERT INTO `upms_user_permission` VALUES ('10', '2', '51', '-1');
INSERT INTO `upms_user_permission` VALUES ('11', '2', '48', '-1');
INSERT INTO `upms_user_permission` VALUES ('12', '2', '50', '-1');
INSERT INTO `upms_user_permission` VALUES ('13', '2', '35', '-1');
INSERT INTO `upms_user_permission` VALUES ('14', '2', '46', '-1');
INSERT INTO `upms_user_permission` VALUES ('15', '2', '37', '-1');
INSERT INTO `upms_user_permission` VALUES ('16', '2', '38', '-1');
INSERT INTO `upms_user_permission` VALUES ('17', '2', '57', '-1');
INSERT INTO `upms_user_permission` VALUES ('18', '2', '56', '-1');
INSERT INTO `upms_user_permission` VALUES ('19', '2', '59', '-1');
INSERT INTO `upms_user_permission` VALUES ('20', '2', '78', '-1');
INSERT INTO `upms_user_permission` VALUES ('21', '2', '67', '-1');
INSERT INTO `upms_user_permission` VALUES ('22', '2', '83', '-1');
INSERT INTO `upms_user_permission` VALUES ('23', '2', '71', '-1');